dataset_name;roc_200;ap_200;p@200;lof_roc_200;lof_ap_200;lof_p@200;knn_roc_200;knn_ap_200;knn_p@200;roc_205;ap_205;p@205;lof_roc_205;lof_ap_205;lof_p@205;knn_roc_205;knn_ap_205;knn_p@205;roc_210;ap_210;p@210;lof_roc_210;lof_ap_210;lof_p@210;knn_roc_210;knn_ap_210;knn_p@210;roc_215;ap_215;p@215;lof_roc_215;lof_ap_215;lof_p@215;knn_roc_215;knn_ap_215;knn_p@215;roc_220;ap_220;p@220;lof_roc_220;lof_ap_220;lof_p@220;knn_roc_220;knn_ap_220;knn_p@220;roc_225;ap_225;p@225;lof_roc_225;lof_ap_225;lof_p@225;knn_roc_225;knn_ap_225;knn_p@225;roc_230;ap_230;p@230;lof_roc_230;lof_ap_230;lof_p@230;knn_roc_230;knn_ap_230;knn_p@230;roc_235;ap_235;p@235;lof_roc_235;lof_ap_235;lof_p@235;knn_roc_235;knn_ap_235;knn_p@235;roc_240;ap_240;p@240;lof_roc_240;lof_ap_240;lof_p@240;knn_roc_240;knn_ap_240;knn_p@240;roc_245;ap_245;p@245;lof_roc_245;lof_ap_245;lof_p@245;knn_roc_245;knn_ap_245;knn_p@245;roc_250;ap_250;p@250;lof_roc_250;lof_ap_250;lof_p@250;knn_roc_250;knn_ap_250;knn_p@250;roc_255;ap_255;p@255;lof_roc_255;lof_ap_255;lof_p@255;knn_roc_255;knn_ap_255;knn_p@255;roc_260;ap_260;p@260;lof_roc_260;lof_ap_260;lof_p@260;knn_roc_260;knn_ap_260;knn_p@260;roc_265;ap_265;p@265;lof_roc_265;lof_ap_265;lof_p@265;knn_roc_265;knn_ap_265;knn_p@265;roc_270;ap_270;p@270;lof_roc_270;lof_ap_270;lof_p@270;knn_roc_270;knn_ap_270;knn_p@270;roc_275;ap_275;p@275;lof_roc_275;lof_ap_275;lof_p@275;knn_roc_275;knn_ap_275;knn_p@275;roc_280;ap_280;p@280;lof_roc_280;lof_ap_280;lof_p@280;knn_roc_280;knn_ap_280;knn_p@280;roc_285;ap_285;p@285;lof_roc_285;lof_ap_285;lof_p@285;knn_roc_285;knn_ap_285;knn_p@285;roc_290;ap_290;p@290;lof_roc_290;lof_ap_290;lof_p@290;knn_roc_290;knn_ap_290;knn_p@290;roc_295;ap_295;p@295;lof_roc_295;lof_ap_295;lof_p@295;knn_roc_295;knn_ap_295;knn_p@295;roc_300;ap_300;p@300;lof_roc_300;lof_ap_300;lof_p@300;knn_roc_300;knn_ap_300;knn_p@300
Wilt_withoutdupl_norm_02_v10_outliers;0.6756350968496179;0.034133255281415406;0.021505376344086023;0.4635181702045415;0.017011366618286852;0.0;0.44730192850711586;0.01646526652353801;0.0;0.6695540062130833;0.033040286297634655;0.021505376344086023;0.46097024036807094;0.016925904384513378;0.0;0.44595371771482983;0.016423529777800545;0.0;0.6636850466452651;0.03199209991966992;0.021505376344086023;0.45826203372412594;0.016840266405260276;0.0;0.44474221361127214;0.0163884770706896;0.0;0.6595979880546637;0.03141033458461077;0.010752688172043012;0.45599223128886124;0.016765234421998166;0.0;0.4431418025484013;0.01633888446906941;0.0;0.6553647947278358;0.030762995421944786;0.010752688172043012;0.4544177473566111;0.016713976430710757;0.0;0.4419373694804675;0.01630356317269414;0.0;0.6488712270132417;0.02995489811976207;0.0;0.4517637519857825;0.016630966253943807;0.0;0.4402686050732323;0.01625118139848053;0.0;0.6432403256447607;0.02918442016817344;0.0;0.449788576034846;0.016567873793176695;0.0;0.4393399423946298;0.016223660457391077;0.0;0.6414183554656749;0.028942771402973355;0.0;0.44705915628402937;0.01648404712096105;0.0;0.4372810925221441;0.016161473479639706;0.0;0.6358628784771818;0.028270890302682164;0.0;0.44552945557739726;0.016434684639476147;0.0;0.4364997430857057;0.016138791938223984;0.0;0.6295107314750652;0.027520926926620615;0.0;0.4442118859394814;0.016392475337028124;0.0;0.4354767999321181;0.016109863053947612;0.0;0.6258880042237653;0.027131322831577924;0.0;0.4425242654372493;0.016338563927112623;0.0;0.4343430772204231;0.016076331139553233;0.0;0.6213578274007345;0.026634850217010023;0.0;0.44074000744815756;0.016283873563353465;0.0;0.4334073435061966;0.016047353255512015;0.0;0.6164575997133874;0.02612630738784342;0.0;0.43870119217660614;0.016223081527672253;0.0;0.43241032748322983;0.016020711608353548;0.0;0.6112839586485836;0.025610125733089927;0.0;0.43694050430626075;0.016171310036572996;0.0;0.4315346975718064;0.015995166118533636;0.0;0.6063271626762455;0.025177428162913663;0.0;0.4352764539227749;0.016123449723294204;0.0;0.43078163227786337;0.01597190155899817;0.0;0.6011794487420629;0.024708858243250736;0.0;0.4338905309404949;0.016081873469446457;0.0;0.4296526235899176;0.015939498798472847;0.0;0.5975897196570076;0.02434239738762965;0.0;0.43235847322198806;0.016036038026242514;0.0;0.4285212578900972;0.01590610347757537;0.0;0.5918103265404251;0.023897777120462226;0.0;0.4304280804966696;0.015978566563462658;0.0;0.42828319969076;0.015899156453259816;0.0;0.5882229544672446;0.023656043521688534;0.0;0.428881880706915;0.015934518856243328;0.0;0.42745824553464096;0.015874566539598307;0.0;0.5852790466358371;0.023434867581477913;0.0;0.4274158193208977;0.01589280989224734;0.0;0.42616660302734605;0.015837111704033215;0.0;0.5819085196551221;0.023216368209738554;0.0;0.4257281988186657;0.015843530236218657;0.0;0.42515308792125694;0.01580921807630408;0.0
Stamps_withoutdupl_norm_05_v10_outliers;0.9019012944983819;0.20289882328190664;0.0625;0.9043284789644014;0.2033169145053932;0.0625;0.9047330097087379;0.20406200235910074;0.0625;0.9025080906148867;0.20398292650650396;0.0625;0.9043284789644013;0.20315678164796885;0.0625;0.9047330097087378;0.20445686831821505;0.0;0.9035194174757282;0.20560674763526168;0.0625;0.9047330097087378;0.20381766129916412;0.0625;0.9043284789644013;0.20377749782836913;0.0;0.9053398058252426;0.208627797511448;0.0625;0.9045307443365695;0.20346071778105188;0.0625;0.9033171521035599;0.20228440171302195;0.0;0.9063511326860841;0.21028468138047401;0.0625;0.9047330097087379;0.20383208152073515;0.0625;0.9029126213592233;0.2018079612365739;0.0;0.9065533980582524;0.21064490342955217;0.0625;0.9055420711974109;0.2051560066920708;0.0625;0.9035194174757282;0.20277562972473417;0.0;0.9061488673139159;0.2100288673338649;0.0625;0.905542071197411;0.20518179378181137;0.0625;0.9037216828478964;0.2030249492037048;0.0;0.9059466019417476;0.20958083563943475;0.0625;0.9057443365695793;0.20554098918411023;0.0625;0.9035194174757282;0.20282042326120037;0.0;0.9065533980582524;0.21227777951637644;0.0625;0.9053398058252428;0.20486005891726666;0.0625;0.9049352750809062;0.20500923792491638;0.0;0.9059466019417476;0.2113261896474104;0.0625;0.9049352750809062;0.2041904160601238;0.0625;0.9043284789644013;0.20445445034846943;0.0;0.9053398058252428;0.21010837331963453;0.0625;0.9051375404530745;0.20452075432650857;0.0625;0.9039239482200647;0.2037926484732367;0.0;0.9047330097087379;0.20910669546009092;0.0625;0.905542071197411;0.20522363331886126;0.0625;0.9019012944983819;0.20123684204899212;0.0;0.9047330097087379;0.20901289428604972;0.0625;0.9057443365695793;0.20560824870347666;0.0625;0.9016990291262134;0.2015074640819476;0.0;0.9051375404530746;0.20979610156477185;0.0625;0.905542071197411;0.20521981986110044;0.0625;0.9010922330097088;0.2009123052409998;0.0;0.9039239482200648;0.20785384458725964;0.0625;0.9055420711974109;0.20520987695679827;0.0625;0.8978559870550162;0.19679768857824392;0.0;0.9057443365695793;0.2108533717023226;0.125;0.9051375404530745;0.20455912298179846;0.0625;0.8968446601941747;0.19619470553105292;0.0;0.9059466019417476;0.21133085643493407;0.125;0.9045307443365697;0.20353201044957409;0.0625;0.8958333333333333;0.1964168290857439;0.0;0.9063511326860841;0.21202264208714983;0.125;0.9027103559870551;0.20057760837166683;0.0625;0.8828883495145632;0.18351823436327702;0.0;0.905542071197411;0.20911857841650627;0.125;0.898462783171521;0.1949556746344478;0.0625;0.8657969255663429;0.17008505283369277;0.0;0.9059466019417476;0.21026942014224176;0.125;0.879247572815534;0.18080886180460942;0.0;0.8435477346278316;0.15323019986716538;0.0;0.9021035598705502;0.20436580545120658;0.125;0.8438511326860841;0.15589972218357995;0.0;0.8141181229773464;0.13832046497378633;0.0
SpamBase_withoutdupl_norm_20_v10_outliers;0.605478764420766;0.2589408358916714;0.2737341772151899;0.6246131929979171;0.25298392208464093;0.254746835443038;0.6542521230572024;0.27875224715740615;0.3037974683544304;0.6058593124098702;0.259622693443463;0.27848101265822783;0.6249167551273833;0.2531815144870247;0.2563291139240506;0.6541813962105432;0.278734135458876;0.3037974683544304;0.6061159319419964;0.26020414456111873;0.2800632911392405;0.6251858926854671;0.25349203557864575;0.25949367088607594;0.654182648013139;0.2787353276532808;0.3037974683544304;0.606219205656145;0.2603098247082117;0.2800632911392405;0.6258637437910591;0.2539459518043797;0.2563291139240506;0.6541563601586283;0.2787359562213659;0.3037974683544304;0.6062342272872937;0.2603155052728996;0.2800632911392405;0.6260189673129306;0.2541197948713468;0.254746835443038;0.6541670004806921;0.27872313049185543;0.3037974683544304;0.6064069760455055;0.26065069272365915;0.28164556962025317;0.6264458319980772;0.2544391824786286;0.2563291139240506;0.6541122341171286;0.2786997691474494;0.3037974683544304;0.6062079394327833;0.260458887603822;0.28322784810126583;0.6270373087245634;0.2547405746711277;0.25316455696202533;0.6541125470677777;0.2786877120103133;0.3022151898734177;0.6062173279522514;0.2607817580831626;0.28322784810126583;0.6274579143967312;0.2549071231310347;0.254746835443038;0.6541075398573947;0.2786818389568413;0.3037974683544304;0.6060389460823586;0.26037290141494085;0.2800632911392405;0.6278134263339209;0.25507356047237995;0.2563291139240506;0.654072489384714;0.27866715815323434;0.3037974683544304;0.6061115506329114;0.26050025698984147;0.27848101265822783;0.6280687940634514;0.2553450404523287;0.2563291139240506;0.6540906405223522;0.27870051584410394;0.3037974683544304;0.6062986951209742;0.2606068169636612;0.2737341772151899;0.628548234457619;0.255655314551945;0.2579113924050633;0.6540793742989905;0.27871389465592356;0.3037974683544304;0.6066466962425893;0.2608610849661806;0.27689873417721517;0.6287829474443197;0.25617717965114994;0.2610759493670886;0.6540696728288735;0.2787257259999127;0.3037974683544304;0.6065127533648454;0.2604517774848967;0.27689873417721517;0.6292567547268066;0.2565370420522667;0.2610759493670886;0.6541015937950649;0.27874401193610965;0.3037974683544304;0.6066642214789296;0.2605200321615555;0.27531645569620256;0.629655453853549;0.25680104210427085;0.2610759493670886;0.6541137988703734;0.2787501685211647;0.3037974683544304;0.6068463587566095;0.26054337597399685;0.2737341772151899;0.6300234838166962;0.25712091850585983;0.26424050632911394;0.654043697925012;0.2787336672157981;0.3037974683544304;0.6068501141643967;0.26042173258925333;0.27531645569620256;0.630377118049992;0.25738310056467145;0.2626582278481013;0.6540167841692037;0.27871473976146227;0.3022151898734177;0.6069508842733536;0.26054009463854916;0.27531645569620256;0.6307063421326711;0.2576440887747019;0.26424050632911394;0.6539948776237782;0.27871716052131734;0.3022151898734177;0.6072143887197564;0.2607784408020522;0.27531645569620256;0.6310668612802436;0.25794507914100495;0.26424050632911394;0.6540161582679058;0.2787300539315216;0.3022151898734177;0.6072632090209902;0.26077928325788324;0.27531645569620256;0.6315369131549431;0.2583356624475683;0.2610759493670886;0.6539854891043102;0.2787137812757762;0.3022151898734177;0.6073570942156706;0.26080864516177465;0.27531645569620256;0.6318993100064092;0.2586458810621734;0.26582278481012656;0.6539911222159911;0.27873663739374505;0.3022151898734177;0.6075692747556481;0.26067151198931393;0.2721518987341772;0.6321039797308124;0.25887874183736537;0.26582278481012656;0.6539904963146932;0.27875802385337806;0.3022151898734177
Pima_withoutdupl_norm_20_v10_outlier;0.709728;0.34178681459956944;0.376;0.7129439999999999;0.3283125850184355;0.36;0.7086720000000001;0.33882681712827445;0.344;0.711904;0.34479628412315527;0.384;0.7131039999999998;0.3284665600826347;0.36;0.707712;0.33798323791395746;0.344;0.7133120000000001;0.3464353567443334;0.376;0.712816;0.328454812869034;0.36;0.7072480000000001;0.3363292006573604;0.352;0.7126560000000001;0.3461668989921083;0.376;0.7125759999999999;0.3280704727613617;0.36;0.70664;0.3361229737244813;0.36;0.714128;0.3472079312504893;0.384;0.713152;0.3288291439168565;0.36;0.706008;0.33562988021025686;0.36;0.715824;0.34854884434292716;0.384;0.712976;0.3290935845189516;0.36;0.7056800000000001;0.3351070358561591;0.36;0.715872;0.3490422648224618;0.376;0.712432;0.3291132954280365;0.36;0.7050080000000001;0.33522743694380064;0.352;0.7156480000000001;0.34940052606920946;0.376;0.7123200000000001;0.3294620419309285;0.36;0.704;0.33472606444976505;0.352;0.7161279999999999;0.345625045187628;0.384;0.7127199999999999;0.32948310394322633;0.352;0.7039679999999999;0.3345353698273537;0.352;0.7177759999999999;0.34678698754349824;0.392;0.712112;0.32929874830886974;0.352;0.702608;0.3343965300816117;0.352;0.717824;0.3460772447301376;0.392;0.711968;0.32933621212696845;0.36;0.702112;0.3349376642708799;0.352;0.717872;0.3472337714629455;0.392;0.7112800000000001;0.3289578392871641;0.344;0.700912;0.33453103664984973;0.352;0.7189440000000001;0.34822276116151385;0.4;0.71088;0.32903236053796525;0.344;0.7003199999999999;0.33469599757263563;0.352;0.718208;0.3479889339360897;0.4;0.7097119999999999;0.3291631955549281;0.344;0.6996;0.3344351734258505;0.352;0.7183839999999999;0.3487444151656177;0.408;0.708688;0.32902786880461793;0.344;0.6988;0.3324768074802729;0.352;0.7181440000000001;0.34794404071835056;0.4;0.7088159999999999;0.3285843291077717;0.344;0.6973919999999999;0.33278616170169717;0.352;0.717616;0.3462714991460295;0.408;0.7090719999999999;0.3286758565814865;0.352;0.6971199999999999;0.33307597633979563;0.352;0.717968;0.34597319590934345;0.408;0.7080799999999998;0.32806774897438506;0.352;0.696048;0.3325412682182338;0.352;0.718112;0.34619742619822225;0.408;0.708048;0.3280511762992331;0.352;0.6947679999999998;0.33196485525424735;0.352;0.7184159999999999;0.34642285768971975;0.408;0.706544;0.32730669012623836;0.352;0.6930400000000001;0.33097208069799205;0.344;0.71976;0.3471852880016399;0.408;0.7053119999999999;0.32695057540437655;0.352;0.6913119999999999;0.3293901889237455;0.352
PageBlocks_withoutdupl_norm_05_v10_outliers;0.9301986803706738;0.4126864486915938;0.4140625;0.9632246121748926;0.5903736067086491;0.54296875;0.9296243024267868;0.4947070218036647;0.47265625;0.9320242102703256;0.41843810175636403;0.421875;0.9632894096866681;0.5924443777433502;0.54296875;0.9293699121953716;0.4939543983683412;0.46875;0.9333897578332992;0.4253487763915654;0.43359375;0.9633678066762237;0.5931945777182344;0.546875;0.9292195179705101;0.4933679026835579;0.46875;0.9347657049969281;0.43072165909397514;0.44140625;0.96348060234487;0.5937799349973218;0.546875;0.9289447285224247;0.49280005613087785;0.47265625;0.9361440520684005;0.4386741676660731;0.44921875;0.9634662028978087;0.5949245157899252;0.546875;0.9287779349272988;0.4921887627110155;0.46875;0.9374312026418186;0.44397952717938616;0.453125;0.9635374001638337;0.5954596136593745;0.55078125;0.9284915459246366;0.49138504413831224;0.46484375;0.9383759663628916;0.44913363065596285;0.45703125;0.9636517957710423;0.5967743092095878;0.55078125;0.928293153542904;0.49069938333259266;0.46484375;0.9391799354904771;0.45530213203524705;0.45703125;0.9636933941736638;0.5971108024276479;0.55078125;0.9280371633729264;0.4896398912722208;0.46484375;0.9400439023141511;0.46088571830264863;0.46875;0.9637205931292238;0.5982072694469601;0.55078125;0.9277867729879171;0.48890040676385627;0.46484375;0.940974266588163;0.4659741655802293;0.48046875;0.9637845906717182;0.5987687665766063;0.546875;0.9276443784558672;0.48834232692787555;0.46484375;0.9417582364837191;0.47027716408633474;0.48046875;0.9637677913168133;0.5996474382559914;0.55078125;0.9274275867806676;0.48748186388308934;0.46484375;0.9424766088982183;0.4749570888376192;0.4765625;0.9638533880298997;0.600477243257301;0.55078125;0.9272651930165883;0.48708868026326235;0.46484375;0.9431597826643457;0.4794851313081423;0.48046875;0.9638485882142126;0.6007423784083348;0.55078125;0.927085999897604;0.4866791256432034;0.46484375;0.9438717553245956;0.4851273220210979;0.484375;0.9639525842207659;0.6015235713133963;0.546875;0.9268948072394019;0.48613594616276795;0.46484375;0.9446053271554373;0.48966264064679893;0.48828125;0.9640005823776367;0.601945133870532;0.546875;0.9267028146119188;0.48584599447114113;0.46484375;0.9453093001228753;0.49457968246312956;0.49609375;0.9640277813331969;0.6024761133900938;0.546875;0.9264908227524062;0.48542294521657975;0.46484375;0.9456740861150931;0.4979638400336868;0.5;0.9640421807802579;0.6033985405449319;0.546875;0.9263492281896375;0.48506381618695693;0.4609375;0.9462556637825108;0.5017387554892445;0.50390625;0.9641093781998772;0.6051139290536722;0.54296875;0.9261404362072497;0.4845182362355053;0.4609375;0.9467092463649396;0.5071571967720354;0.5078125;0.9641445768482491;0.6059687522745224;0.5390625;0.9260204408150727;0.48413375157163785;0.45703125;0.9472172268584886;0.5122526488619662;0.51171875;0.9641645760802785;0.6065878180583051;0.5390625;0.9257972493856236;0.4836682026528825;0.45703125;0.9477900048638133;0.5159895349275421;0.51953125;0.9641973748208069;0.6070564044016067;0.54296875;0.9257052529182879;0.4833379239286419;0.45703125
Cardiotocography_withoutdupl_norm_20_v10_outliers;0.6123147209916109;0.27644601736422125;0.24757281553398058;0.6356145136205109;0.3474902355902732;0.3640776699029126;0.5892159663964558;0.3588079942342805;0.3276699029126214;0.6154871453482892;0.2783734895658242;0.25;0.6369739136582147;0.349660044563214;0.3640776699029126;0.5906571071731549;0.3595203688417573;0.3276699029126214;0.6194070188047883;0.2802447441309237;0.2524271844660194;0.6377707017626544;0.35158133752382664;0.3640776699029126;0.5915731925723442;0.3600643065613838;0.3300970873786408;0.6230006657083608;0.2824575439799313;0.2645631067961165;0.6389224361391271;0.3534975387179372;0.3640776699029126;0.5925503994250165;0.3602989074354148;0.3300970873786408;0.6267010910547648;0.2849119159252711;0.2766990291262136;0.6398002285795079;0.35510876485917575;0.36893203883495146;0.59375;0.36073983548279004;0.3300970873786408;0.6295531800829484;0.2866678069413103;0.2815533980582524;0.640895996323876;0.3568123244313111;0.36650485436893204;0.5948413493260438;0.36126955867786614;0.3300970873786408;0.6323213191629748;0.28887291687222355;0.279126213592233;0.6413569846356867;0.35814722771260515;0.36650485436893204;0.5958951420963333;0.36202042708026666;0.3300970873786408;0.6350172907437082;0.290565858436948;0.28640776699029125;0.6420771868225091;0.35950019446011555;0.36650485436893204;0.5966926666038269;0.3625304094184364;0.3300970873786408;0.6372751025073051;0.29188710662806516;0.28883495145631066;0.6430065274766708;0.36074062833586307;0.36650485436893204;0.5980579578659628;0.36332617023821256;0.3300970873786408;0.638837013384862;0.29322603721787466;0.29854368932038833;0.6436030139504194;0.36184906747319123;0.36650485436893204;0.5990071814025827;0.36371731848256644;0.3325242718446602;0.6414770183334905;0.2951845827791736;0.3058252427184466;0.6443040696578377;0.36298801302190836;0.36650485436893204;0.6001839534828919;0.364446674217362;0.3325242718446602;0.6434896078801017;0.2962565454675238;0.308252427184466;0.6449609411820153;0.3639499331139888;0.36893203883495146;0.6011655787538883;0.3651380679501252;0.33495145631067963;0.6454653772740127;0.2967640718155492;0.3131067961165049;0.6455677372985201;0.3651237505938342;0.36893203883495146;0.6022834385898764;0.365829787992416;0.33495145631067963;0.6476289294466961;0.29847271590033797;0.32038834951456313;0.6459462484682816;0.3659752944352997;0.36893203883495146;0.6032584362333868;0.366309182723751;0.33495145631067963;0.6495178032802338;0.2999376982536218;0.32038834951456313;0.6468181496842305;0.36691357029620264;0.36893203883495146;0.6045059030068809;0.36702115189150886;0.33495145631067963;0.6513013714770478;0.3014124591105436;0.32281553398058255;0.6474485106984637;0.36785820327107516;0.3713592233009709;0.6056163988123291;0.3674675732523455;0.33495145631067963;0.6527277841926665;0.3022707508214497;0.3276699029126214;0.648096545385993;0.368706463315443;0.3786407766990291;0.6067416226788576;0.3680139441397903;0.33737864077669905;0.6542035359129041;0.3035309435277914;0.3276699029126214;0.6487224879819021;0.3695759698792565;0.3762135922330097;0.6076253063436705;0.3685567141672537;0.33737864077669905;0.6559259826562354;0.3049183799084657;0.33495145631067963;0.6493749410877558;0.37038353586776523;0.3762135922330097;0.6086319693185032;0.36903763451457294;0.33737864077669905;0.6571800770572155;0.30539548323585475;0.33737864077669905;0.6499346074088039;0.3712834104098773;0.3762135922330097;0.6096857620887925;0.3697070607293229;0.33737864077669905;0.6585048661513808;0.3061936428923383;0.33980582524271846;0.6505590771986051;0.37212467299990976;0.3762135922330097;0.610539989631445;0.3702149239909601;0.33737864077669905
Arrhythmia_withoutdupl_norm_20_v10_outliers;0.7477828540714861;0.4911457819578337;0.47540983606557374;0.7536952432141896;0.5217240710432887;0.47540983606557374;0.7474805159903253;0.5236598063385649;0.47540983606557374;0.7461703843052943;0.49314323590578857;0.47540983606557374;0.7600779360386992;0.5239848201744465;0.47540983606557374;0.7483203439935502;0.523864448001185;0.47540983606557374;0.7476484815909702;0.5036764387372562;0.47540983606557374;0.7565842515452834;0.5224317337441822;0.47540983606557374;0.7476484815909702;0.5241451429197314;0.47540983606557374;0.750201558720774;0.5124891492195031;0.47540983606557374;0.7571889277076055;0.523060088952912;0.47540983606557374;0.7467078742273583;0.523420716026545;0.47540983606557374;0.7454985219027143;0.5041756919817896;0.47540983606557374;0.7480515990325182;0.51955407109483;0.47540983606557374;0.750235151840903;0.5243084717809434;0.47540983606557374;0.7428782585326524;0.5062654437970098;0.47540983606557374;0.7334721848965332;0.5137740640961663;0.47540983606557374;0.7554420854608975;0.5265422834157636;0.47540983606557374;0.7454313356624563;0.5058875763766749;0.47540983606557374;0.7180865358774523;0.5090437234620713;0.47540983606557374;0.749395323837678;0.5248582292870136;0.47540983606557374;0.7444907282988443;0.5038268438346974;0.47540983606557374;0.7127116366568126;0.5081719593268148;0.47540983606557374;0.7528218220908358;0.5263975211117631;0.4918032786885246;0.7467750604676163;0.5100618305486858;0.47540983606557374;0.7197661918839022;0.5101528598480493;0.47540983606557374;0.7526874496103199;0.5268468815481094;0.4918032786885246;0.7461703843052941;0.5122630492489181;0.47540983606557374;0.7065976887933351;0.5016341671406686;0.47540983606557374;0.7511421660843859;0.527664791322503;0.47540983606557374;0.7423407686105885;0.5087291381036342;0.47540983606557374;0.707135178715399;0.5045146749604033;0.47540983606557374;0.7484883095941951;0.5281934867293787;0.47540983606557374;0.7334049986562752;0.49969586185871484;0.47540983606557374;0.7088148347218489;0.5072624915897258;0.45901639344262296;0.7576256382692824;0.5327290357323667;0.47540983606557374;0.7448266595001344;0.5108680452704536;0.45901639344262296;0.6631953775866702;0.4861217545751001;0.47540983606557374;0.7527210427304487;0.5302228630355568;0.47540983606557374;0.7467750604676162;0.5149635860702897;0.45901639344262296;0.6498925020155871;0.47856735686932395;0.47540983606557374;0.749731255038968;0.526312737943573;0.47540983606557374;0.7437516796560064;0.5116731890733317;0.47540983606557374;0.5762563826928245;0.43799012216522437;0.39344262295081966;0.7472117710292933;0.5305361363762781;0.4918032786885246;0.7443563558183285;0.5160738071842348;0.47540983606557374;0.6154931470034937;0.45638776912848744;0.4098360655737705;0.7440540177371675;0.5213351250526765;0.47540983606557374;0.7538968019349637;0.5349724378405023;0.47540983606557374;0.5907686105885516;0.4309073325649603;0.3442622950819672;0.7386791185165278;0.5079747206610216;0.45901639344262296;0.7537624294544477;0.5273284278440415;0.4918032786885246;0.4850846546627251;0.3796946221245542;0.29508196721311475;0.7336065573770492;0.4984774799518068;0.45901639344262296;0.7575920451491533;0.5356185878786935;0.47540983606557374;0.4764176296694437;0.38814879686808457;0.3114754098360656;0.7260145122278957;0.5032144655589881;0.4426229508196721;0.7549045955388336;0.5341012028107888;0.47540983606557374;0.43026068261220096;0.3052826206993698;0.21311475409836064;0.7256113947863478;0.49553261707274426;0.4426229508196721;0.761959150765923;0.5356243893280246;0.4918032786885246;0.3832975006718624;0.24553326432578282;0.16393442622950818;0.6998790647675356;0.4785147927358022;0.4262295081967213
Annthyroid_05_v10_outlier;0.673030731644593;0.09435124208419789;0.15714285714285714;0.6662380523766662;0.08628310669833351;0.08285714285714285;0.6185637135142086;0.08711517385730133;0.09142857142857143;0.6724491020530625;0.09471061202358154;0.16;0.6656932836140756;0.08609167264371909;0.08571428571428572;0.6177682053919678;0.08683477148016572;0.09142857142857143;0.672038918177532;0.09492395909790921;0.16;0.6647353306759247;0.08588981360845581;0.08571428571428572;0.6169456945694569;0.08661760543516082;0.09428571428571429;0.6720192019201919;0.09602015384174636;0.16;0.6641069821267841;0.0858043296278404;0.08571428571428572;0.615990741931336;0.08628662086101027;0.09428571428571429;0.6724491020530625;0.09774976114808558;0.16285714285714287;0.6635373537353735;0.08570125868810945;0.08571428571428572;0.6150004286142899;0.08597058757310319;0.09428571428571429;0.6720607775063221;0.0976894400575382;0.16285714285714287;0.6633543354335434;0.08566803748916092;0.08571428571428572;0.6141524152415242;0.08580894113886645;0.09142857142857143;0.6720890660494621;0.09822226996988576;0.16;0.6627148429128628;0.08559878529204218;0.08571428571428572;0.6134477733487635;0.0857146656557207;0.09142857142857143;0.6715837298015516;0.09839370570226941;0.15714285714285714;0.6623145171660023;0.0855800717916915;0.08571428571428572;0.6127534181989628;0.0855437178584173;0.09142857142857143;0.6707582186790108;0.0981262295626974;0.1457142857142857;0.6624341005529124;0.08571332564589279;0.08571428571428572;0.612004200420042;0.08539569455691536;0.09142857142857143;0.6692760704641892;0.09789126550714386;0.1457142857142857;0.6634190561913335;0.08614880799496011;0.08571428571428572;0.6114620033431915;0.08531233967882718;0.09142857142857143;0.6687171574300288;0.09835602889890625;0.14285714285714285;0.6643157172860144;0.08638585107861546;0.08571428571428572;0.610986884402726;0.08529513534255906;0.09142857142857143;0.6683892674981784;0.0987980078844288;0.14285714285714285;0.6648244824482448;0.08749886560159313;0.08571428571428572;0.6106004886202906;0.08521386179577085;0.09142857142857143;0.6678950752218078;0.09911760670138788;0.14285714285714285;0.6658565856585659;0.08762918013785939;0.08571428571428572;0.6102455959881702;0.08514982744237122;0.09142857142857143;0.6677330590201878;0.09969793465382691;0.1457142857142857;0.6672148643435772;0.08850568763001425;0.08571428571428572;0.6096369636963697;0.08503522850432528;0.09142857142857143;0.667972654408298;0.10059230214747636;0.1457142857142857;0.6688273113025589;0.08951254035227912;0.08571428571428572;0.6090270455616991;0.08495221768393547;0.09142857142857143;0.668075093223608;0.10149311438286344;0.15714285714285714;0.6702348806309203;0.09005474893355427;0.08571428571428572;0.6083187604474734;0.08485305988765098;0.09142857142857143;0.6681595302387381;0.10187192486848215;0.15714285714285714;0.6717466032317517;0.09072308951917728;0.08571428571428572;0.607967296729673;0.08480207290570868;0.09142857142857143;0.667988513137028;0.10254375713533043;0.16285714285714287;0.6727041275556127;0.09146957959001298;0.08571428571428572;0.6077287728772877;0.08469096852694466;0.09142857142857143;0.6678217821782177;0.10340500328649255;0.1657142857142857;0.6739779692254939;0.09194021192366325;0.08571428571428572;0.6072375809009471;0.08468992747862032;0.09142857142857143;0.6676781963910677;0.10405430366617557;0.16857142857142857;0.6753563927821354;0.09196982335770802;0.08571428571428572;0.6067541039818267;0.08462342641680283;0.09142857142857143;0.6672911576871974;0.10503208146533483;0.1742857142857143;0.6774561741888475;0.0920798624979077;0.08571428571428572;0.6061208263683511;0.08442641744112654;0.09142857142857143
glass_outlier;0.8048780487804879;0.11724350041577326;0.1111111111111111;0.6813008130081301;0.10426848801013111;0.1111111111111111;0.3804878048780488;0.06719118084986675;0.1111111111111111;0.7886178861788617;0.12201580583646861;0.1111111111111111;0.4341463414634147;0.06667858823551298;0.1111111111111111;0.28888888888888886;0.06750075346566745;0.1111111111111111;0.789159891598916;0.1171570797490114;0.1111111111111111;0.7279132791327912;0.1564270824386961;0.1111111111111111;0.3555555555555555;0.06577485882482309;0.1111111111111111
Waveform_withoutdupl_norm_v10_outlier;0.6693927609931198;0.07798762587795133;0.11;0.7410948250074784;0.12445895269782782;0.19;0.7604053245587794;0.1259800317281069;0.2;0.6722674244690399;0.07900776831566209;0.12;0.7412892611426861;0.12606142040988075;0.19;0.7599910260245288;0.12570947783729924;0.2;0.6753365240801675;0.07941854245542185;0.11;0.7416542028118456;0.12604017069328255;0.19;0.7605324558779539;0.12458685510319194;0.19;0.6752138797487286;0.08300926160146725;0.11;0.7418606042476817;0.12548327472030338;0.19;0.761005085252767;0.12448130315196307;0.19;0.6722614418187257;0.08475145716521187;0.12;0.7422046066407418;0.12508236535256018;0.2;0.7614627580017947;0.12458926550114925;0.19;0.674166915943763;0.087278189351982;0.12;0.7418336823212682;0.12565530140698897;0.2;0.7617289859407717;0.12420705961637353;0.18;0.6722823810948251;0.08977230641039449;0.13;0.7420640143583608;0.1252936040096909;0.2;0.7625351480705952;0.12349261247035827;0.18;0.6707927011666168;0.09293117916606601;0.13;0.7419114567753514;0.1254865692164275;0.2;0.7629045767274902;0.12263740358231459;0.18;0.6740143583607537;0.09522270690837867;0.14;0.7421986239904279;0.1252871536659381;0.2;0.7627460364941671;0.12268199478960944;0.18;0.6753993419084655;0.09674177891537175;0.14;0.7421118755608734;0.125188583671364;0.2;0.7626054442117858;0.12174346960876034;0.18;0.6718247083457972;0.09932509186196306;0.14;0.7421358061621298;0.12457165900565031;0.2;0.7632725097218067;0.12230779036859286;0.18;0.6721178582111875;0.09875567762107139;0.14;0.7425426263834878;0.12450311456974156;0.2;0.7639844451091834;0.12218826841051803;0.18;0.6700329045767275;0.1006003969747569;0.15;0.7429703858809452;0.12408712018983994;0.2;0.7641280287167216;0.12241724469475523;0.18;0.6691654202811845;0.10349790295419015;0.14;0.7430840562369129;0.1242976354914229;0.2;0.7642416990726892;0.12345917876086294;0.18;0.6689141489679928;0.10771113749324163;0.14;0.7433502841758899;0.12370662684638647;0.2;0.764836972778941;0.12326399703492558;0.18;0.6701794795094226;0.115293700511556;0.14;0.743960514507927;0.12378496207044239;0.2;0.7646545019443614;0.12281417517983952;0.18;0.6711307209093629;0.1145146581826448;0.15;0.743760095722405;0.12364419132970603;0.2;0.7645183966497159;0.12311124217279779;0.18;0.6692731079868381;0.11482582104769015;0.15;0.7440981154651511;0.12362633594925468;0.2;0.7649925216871074;0.1216850712099403;0.18;0.6681124738259048;0.11259139915350307;0.15;0.7445767274902781;0.12349322949251665;0.2;0.7657074483996411;0.12198719306661741;0.18;0.6699132515704457;0.11722472190031082;0.16;0.744971582411008;0.12279725853151677;0.2;0.7658809452587497;0.12185302951869457;0.17;0.6710888423571643;0.11721681145069622;0.17;0.7451301226443314;0.12378410905115875;0.2;0.76604247681723;0.12035401439646294;0.17
WBC_withoutdupl_norm_v10_outlier;0.9906103286384976;0.8905934343434343;0.8;0.9938967136150235;0.9354545454545454;0.9;0.992018779342723;0.9188888888888888;0.9;0.9934272300469483;0.9243434343434344;0.9;0.9868544600938967;0.917027027027027;0.9;0.9798122065727699;0.8563090632771483;0.8;0.995774647887324;0.9526315789473684;0.9;0.9107981220657276;0.8950251256281407;0.9;0.936150234741784;0.8150770478507705;0.8;0.9953051643192488;0.9500000000000001;0.9;0.8211267605633802;0.7762749521465682;0.7;0.8934272300469485;0.755477267830209;0.7;0.996244131455399;0.9555555555555556;0.9;0.42018779342723006;0.2915237287249879;0.3;0.5809859154929577;0.3803079324666131;0.4
WDBC_withoutdupl_norm_v10_outlier;0.9633053221288516;0.34249975949975947;0.4;0.9865546218487395;0.5651315585522747;0.5;0.9862745098039215;0.5580752091046209;0.5;0.9641456582633053;0.3473698893698894;0.4;0.9865546218487395;0.5651315585522747;0.5;0.9859943977591036;0.5542290552584671;0.5;0.9655462184873949;0.35450765900765907;0.4;0.9865546218487395;0.5651315585522747;0.5;0.9862745098039216;0.5580752091046209;0.5;0.9675070028011205;0.3613519210258341;0.4;0.9865546218487395;0.5651315585522747;0.5;0.9862745098039215;0.5580752091046209;0.5;0.9686274509803922;0.37212878714704273;0.5;0.9865546218487395;0.5651315585522747;0.5;0.9862745098039216;0.5580752091046209;0.5;0.9694677871148459;0.3725904913799651;0.4;0.9865546218487395;0.5651315585522747;0.5;0.9862745098039216;0.5580752091046209;0.5;0.9683473389355742;0.3646402366538482;0.4;0.9868347338935575;0.5671078431372549;0.5;0.9862745098039216;0.5580752091046209;0.5;0.9694677871148459;0.3687045454545454;0.4;0.9868347338935575;0.5671078431372549;0.5;0.9862745098039216;0.5580752091046209;0.5;0.9703081232492997;0.37085144927536234;0.4;0.9868347338935575;0.5671078431372549;0.5;0.9862745098039216;0.5580752091046209;0.5;0.9697478991596639;0.36554437229437226;0.4;0.9868347338935575;0.5671078431372549;0.5;0.9862745098039216;0.5580752091046209;0.5;0.9703081232492997;0.3712261904761905;0.4;0.9868347338935575;0.5671078431372549;0.5;0.9862745098039215;0.5580752091046209;0.5;0.9697478991596639;0.3632351310068071;0.3;0.9865546218487395;0.5626206636500755;0.5;0.9868347338935575;0.5703371138665256;0.5;0.9703081232492997;0.36208715422508525;0.3;0.9862745098039216;0.5580752091046209;0.5;0.9871148459383753;0.5736459373959374;0.5;0.9711484593837535;0.3775493796264587;0.3;0.9862745098039216;0.5580752091046209;0.5;0.9868347338935575;0.5703371138665256;0.5;0.9717086834733893;0.38106170598911077;0.4;0.9859943977591037;0.5542290552584671;0.5;0.9868347338935575;0.5703371138665256;0.5;0.9711484593837535;0.37858651501317014;0.4;0.9862745098039216;0.5580752091046209;0.5;0.9868347338935575;0.5703371138665256;0.5;0.9725490196078431;0.3861414983440155;0.4;0.9862745098039216;0.5580752091046209;0.5;0.9876750700280112;0.5836459373959374;0.6;0.9719887955182073;0.37814840956145307;0.4;0.9859943977591037;0.5542290552584671;0.5;0.9876750700280112;0.5836459373959374;0.6;0.9725490196078431;0.379423121327037;0.3;0.9862745098039216;0.5580752091046209;0.5;0.9876750700280112;0.5836459373959374;0.6;0.9725490196078431;0.3853064182194617;0.4;0.9859943977591037;0.5542290552584671;0.5;0.9876750700280112;0.5836459373959374;0.6;0.9725490196078431;0.3841616370746806;0.4;0.9859943977591037;0.5542290552584671;0.5;0.9882352941176471;0.5934361471861472;0.6
Shuttle_withoutdupl_norm_v10_outlier;0.41123076923076923;0.011207113899027472;0.0;0.47538461538461535;0.013668546865697868;0.0;0.4952307692307692;0.021102154290919477;0.0;0.4103846153846154;0.01120453299835561;0.0;0.4747692307692307;0.013712319863970241;0.0;0.4946153846153846;0.02100609235239568;0.0;0.4065384615384615;0.011151862447731819;0.0;0.47669230769230764;0.013891816870529382;0.0;0.4949230769230769;0.021198219091125507;0.0;0.4056153846153846;0.011170565734507195;0.0;0.47723076923076924;0.014011469681838277;0.0;0.4947692307692308;0.021347012579296464;0.0;0.4035384615384615;0.011138762530548272;0.0;0.475;0.013949771247311154;0.0;0.4933076923076922;0.021360387885869178;0.0;0.4031538461538462;0.01117616566088543;0.0;0.4749230769230769;0.014104172849715978;0.0;0.49276923076923074;0.02142619964643039;0.0;0.40461538461538465;0.011250432843757183;0.0;0.4756923076923077;0.014322535334907968;0.0;0.49215384615384616;0.021665747275550023;0.0;0.4060769230769231;0.01134980553467142;0.0;0.47453846153846146;0.014454518187529311;0.0;0.4914615384615385;0.021687818354253787;0.0;0.40515384615384614;0.011372171674307024;0.0;0.47538461538461535;0.014547738272680487;0.0;0.4913846153846154;0.021683655269635525;0.0;0.40700000000000003;0.011421273949851271;0.0;0.4769230769230769;0.014834408847262063;0.0;0.49069230769230765;0.022032527879214378;0.0;0.4086923076923077;0.011493211041078595;0.0;0.4776923076923077;0.01502934971588399;0.0;0.4899230769230769;0.022138126392164153;0.0;0.41146153846153843;0.011597338362018901;0.0;0.47823076923076924;0.015400914905953696;0.0;0.4868461538461539;0.022335275899923113;0.0;0.414;0.011751239746559568;0.0;0.47907692307692307;0.01569612224726584;0.0;0.48484615384615387;0.02234226984278339;0.0;0.41407692307692306;0.011782778208710251;0.0;0.48007692307692307;0.016294122229552954;0.0;0.483;0.022364879850666333;0.0;0.4133076923076924;0.011827375759153165;0.0;0.4803076923076923;0.016762938004519636;0.0;0.48100000000000004;0.02232885687606803;0.0;0.414;0.011888975603643177;0.0;0.47861538461538455;0.016941581063484167;0.0;0.47830769230769227;0.022282798675141012;0.0;0.41492307692307695;0.011956326584771923;0.0;0.47807692307692307;0.017152249794580493;0.0;0.4763846153846154;0.02225126803131311;0.0;0.4133846153846154;0.01198810753488306;0.0;0.4779230769230769;0.01745578717771966;0.0;0.4769230769230769;0.022259598237171344;0.0;0.4096153846153846;0.011928831150571667;0.0;0.4766153846153846;0.017621408014174254;0.0;0.47369230769230775;0.02220934490511539;0.0;0.40923076923076923;0.011946019370922167;0.0;0.47661538461538455;0.01801207903743328;0.0;0.4715384615384616;0.02217483999265106;0.0;0.4085384615384616;0.012023548162760654;0.0;0.4748461538461538;0.018158405986525815;0.0;0.47184615384615386;0.022809454249074903;0.0
